cceea7a408a3aea216e09a3ca57c7e85a6532d44a4347f8690f51f7575bc7f17,107.172.193.132,1791,mirai
c4f51887e56ae82f31623da2e92e35ea71647775d96c40cc9659929d037f6ba2,185.213.26.29,,CobaltStrike
c4f51887e56ae82f31623da2e92e35ea71647775d96c40cc9659929d037f6ba2,185.213.26.29,,CobaltStrike
c4f51887e56ae82f31623da2e92e35ea71647775d96c40cc9659929d037f6ba2,13.224.2.80,,CobaltStrike
c4f51887e56ae82f31623da2e92e35ea71647775d96c40cc9659929d037f6ba2,13.224.2.61,,CobaltStrike
c4f51887e56ae82f31623da2e92e35ea71647775d96c40cc9659929d037f6ba2,13.224.2.73,,CobaltStrike
c4f51887e56ae82f31623da2e92e35ea71647775d96c40cc9659929d037f6ba2,13.224.2.134,,CobaltStrike
5169e77717dd3c6e862d6e0f186f4df7e48ae5ff436dd9f5d115a48bef722864,107.173.171.143,1312,mirai
d7fc2bb688823203c8cf778e62cacc9c5d196f56132a4af9aae188920a6cd43d,89.250.208.42,449,TrickBot
d7fc2bb688823203c8cf778e62cacc9c5d196f56132a4af9aae188920a6cd43d,182.253.184.130,449,TrickBot
d7fc2bb688823203c8cf778e62cacc9c5d196f56132a4af9aae188920a6cd43d,31.211.85.110,443,TrickBot
d7fc2bb688823203c8cf778e62cacc9c5d196f56132a4af9aae188920a6cd43d,85.112.74.178,449,TrickBot
d7fc2bb688823203c8cf778e62cacc9c5d196f56132a4af9aae188920a6cd43d,102.68.17.97,443,TrickBot
d7fc2bb688823203c8cf778e62cacc9c5d196f56132a4af9aae188920a6cd43d,103.76.150.14,443,TrickBot
d7fc2bb688823203c8cf778e62cacc9c5d196f56132a4af9aae188920a6cd43d,96.9.77.142,443,TrickBot
d7fc2bb688823203c8cf778e62cacc9c5d196f56132a4af9aae188920a6cd43d,91.185.236.170,449,TrickBot
d7fc2bb688823203c8cf778e62cacc9c5d196f56132a4af9aae188920a6cd43d,87.76.1.81,449,TrickBot
d7fc2bb688823203c8cf778e62cacc9c5d196f56132a4af9aae188920a6cd43d,91.225.231.120,443,TrickBot
d7fc2bb688823203c8cf778e62cacc9c5d196f56132a4af9aae188920a6cd43d,62.213.14.166,443,TrickBot
d7fc2bb688823203c8cf778e62cacc9c5d196f56132a4af9aae188920a6cd43d,81.95.45.234,449,TrickBot
d7fc2bb688823203c8cf778e62cacc9c5d196f56132a4af9aae188920a6cd43d,148.216.32.55,443,TrickBot
d7fc2bb688823203c8cf778e62cacc9c5d196f56132a4af9aae188920a6cd43d,109.185.139.90,449,TrickBot
d7fc2bb688823203c8cf778e62cacc9c5d196f56132a4af9aae188920a6cd43d,202.166.211.197,443,TrickBot
d7fc2bb688823203c8cf778e62cacc9c5d196f56132a4af9aae188920a6cd43d,196.41.57.46,449,TrickBot
d7fc2bb688823203c8cf778e62cacc9c5d196f56132a4af9aae188920a6cd43d,84.21.206.164,449,TrickBot
d7fc2bb688823203c8cf778e62cacc9c5d196f56132a4af9aae188920a6cd43d,190.122.168.219,443,TrickBot
d7fc2bb688823203c8cf778e62cacc9c5d196f56132a4af9aae188920a6cd43d,77.95.93.132,449,TrickBot
d7fc2bb688823203c8cf778e62cacc9c5d196f56132a4af9aae188920a6cd43d,41.77.134.250,443,TrickBot
d7fc2bb688823203c8cf778e62cacc9c5d196f56132a4af9aae188920a6cd43d,87.116.151.237,449,TrickBot
d7fc2bb688823203c8cf778e62cacc9c5d196f56132a4af9aae188920a6cd43d,185.205.250.162,443,TrickBot
d7fc2bb688823203c8cf778e62cacc9c5d196f56132a4af9aae188920a6cd43d,103.9.188.23,449,TrickBot
d7fc2bb688823203c8cf778e62cacc9c5d196f56132a4af9aae188920a6cd43d,78.138.187.231,443,TrickBot
d7fc2bb688823203c8cf778e62cacc9c5d196f56132a4af9aae188920a6cd43d,138.185.72.142,443,TrickBot
d7fc2bb688823203c8cf778e62cacc9c5d196f56132a4af9aae188920a6cd43d,173.81.4.147,443,TrickBot
d7fc2bb688823203c8cf778e62cacc9c5d196f56132a4af9aae188920a6cd43d,31.134.124.90,443,TrickBot
d7fc2bb688823203c8cf778e62cacc9c5d196f56132a4af9aae188920a6cd43d,200.90.11.177,449,TrickBot
d7fc2bb688823203c8cf778e62cacc9c5d196f56132a4af9aae188920a6cd43d,5.59.205.32,443,TrickBot
383d219c44a93a772b6c8022d7b6a8673e323019eecf20b83a08d75e83cccd8a,107.172.142.114,1312,mirai
580a43018fa5bd0f0048ab34acaf7f85f73134c0571ac6b1359d375e68895a54,2.57.122.107,60195,mirai
d8aafd31f7e6a8209470c18baea3b04c8c2f317ef59e62c056c45c0c903720c3,45.58.56.12,443,Dridex
d8aafd31f7e6a8209470c18baea3b04c8c2f317ef59e62c056c45c0c903720c3,162.241.54.59,6601,Dridex
d8aafd31f7e6a8209470c18baea3b04c8c2f317ef59e62c056c45c0c903720c3,51.91.76.89,2303,Dridex
9f93a72a7b051d7e02c1362aef6e4134e8624c1094572454dca464528d376199,45.58.56.12,443,Dridex
9f93a72a7b051d7e02c1362aef6e4134e8624c1094572454dca464528d376199,162.241.54.59,6601,Dridex
9f93a72a7b051d7e02c1362aef6e4134e8624c1094572454dca464528d376199,51.91.76.89,2303,Dridex
0e743811a8b9cd2d574e1fe413aaaf5deb5ce16ab01fc2b4b33327a83ed61c28,159.8.59.84,443,Dridex
0e743811a8b9cd2d574e1fe413aaaf5deb5ce16ab01fc2b4b33327a83ed61c28,198.20.253.36,6601,Dridex
0e743811a8b9cd2d574e1fe413aaaf5deb5ce16ab01fc2b4b33327a83ed61c28,162.144.76.184,2303,Dridex
304898bad62213cbcd25a4594f95b1a5fcde919311d416d589cd9b5829e504a1,179.43.176.48,4281,mirai
33d022d28df458f3ae0411a40ab2b6ba80d9de2a264aa5169616081a2d0105c7,192.168.111.128,,CobaltStrike
a231241a8b77769c7c5210805e2c03734dd4fc851e0a46442567017e8546ad7e,54.75.3.205,,CobaltStrike
939a713d9082f1730c1d6452c431f8e716a6a62593914d01a3de274dad657ad3,107.172.104.105,9506,mirai
68ed821781334eb411819316e221429bd55eb810ffbfcf8d0c5f7fab508b2a4a,199.249.223.130,9144,remcos
f62195e8f37d00213c5915d3248a213fb8bb0285f4374ce28718e68acd51d61d,89.250.208.42,449,TrickBot
f62195e8f37d00213c5915d3248a213fb8bb0285f4374ce28718e68acd51d61d,182.253.184.130,449,TrickBot
f62195e8f37d00213c5915d3248a213fb8bb0285f4374ce28718e68acd51d61d,31.211.85.110,443,TrickBot
f62195e8f37d00213c5915d3248a213fb8bb0285f4374ce28718e68acd51d61d,85.112.74.178,449,TrickBot
f62195e8f37d00213c5915d3248a213fb8bb0285f4374ce28718e68acd51d61d,102.68.17.97,443,TrickBot
f62195e8f37d00213c5915d3248a213fb8bb0285f4374ce28718e68acd51d61d,103.76.150.14,443,TrickBot
f62195e8f37d00213c5915d3248a213fb8bb0285f4374ce28718e68acd51d61d,96.9.77.142,443,TrickBot
f62195e8f37d00213c5915d3248a213fb8bb0285f4374ce28718e68acd51d61d,91.185.236.170,449,TrickBot
f62195e8f37d00213c5915d3248a213fb8bb0285f4374ce28718e68acd51d61d,87.76.1.81,449,TrickBot
f62195e8f37d00213c5915d3248a213fb8bb0285f4374ce28718e68acd51d61d,91.225.231.120,443,TrickBot
f62195e8f37d00213c5915d3248a213fb8bb0285f4374ce28718e68acd51d61d,62.213.14.166,443,TrickBot
f62195e8f37d00213c5915d3248a213fb8bb0285f4374ce28718e68acd51d61d,81.95.45.234,449,TrickBot
f62195e8f37d00213c5915d3248a213fb8bb0285f4374ce28718e68acd51d61d,148.216.32.55,443,TrickBot
f62195e8f37d00213c5915d3248a213fb8bb0285f4374ce28718e68acd51d61d,109.185.139.90,449,TrickBot
f62195e8f37d00213c5915d3248a213fb8bb0285f4374ce28718e68acd51d61d,202.166.211.197,443,TrickBot
f62195e8f37d00213c5915d3248a213fb8bb0285f4374ce28718e68acd51d61d,196.41.57.46,449,TrickBot
f62195e8f37d00213c5915d3248a213fb8bb0285f4374ce28718e68acd51d61d,84.21.206.164,449,TrickBot
f62195e8f37d00213c5915d3248a213fb8bb0285f4374ce28718e68acd51d61d,190.122.168.219,443,TrickBot
f62195e8f37d00213c5915d3248a213fb8bb0285f4374ce28718e68acd51d61d,77.95.93.132,449,TrickBot
f62195e8f37d00213c5915d3248a213fb8bb0285f4374ce28718e68acd51d61d,41.77.134.250,443,TrickBot
f62195e8f37d00213c5915d3248a213fb8bb0285f4374ce28718e68acd51d61d,87.116.151.237,449,TrickBot
f62195e8f37d00213c5915d3248a213fb8bb0285f4374ce28718e68acd51d61d,185.205.250.162,443,TrickBot
f62195e8f37d00213c5915d3248a213fb8bb0285f4374ce28718e68acd51d61d,103.9.188.23,449,TrickBot
f62195e8f37d00213c5915d3248a213fb8bb0285f4374ce28718e68acd51d61d,78.138.187.231,443,TrickBot
f62195e8f37d00213c5915d3248a213fb8bb0285f4374ce28718e68acd51d61d,138.185.72.142,443,TrickBot
f62195e8f37d00213c5915d3248a213fb8bb0285f4374ce28718e68acd51d61d,173.81.4.147,443,TrickBot
f62195e8f37d00213c5915d3248a213fb8bb0285f4374ce28718e68acd51d61d,31.134.124.90,443,TrickBot
f62195e8f37d00213c5915d3248a213fb8bb0285f4374ce28718e68acd51d61d,200.90.11.177,449,TrickBot
f62195e8f37d00213c5915d3248a213fb8bb0285f4374ce28718e68acd51d61d,5.59.205.32,443,TrickBot
0b78f52c4612e4285dfd477343f5871736489bf85a3e2dccf43e67403e7523b2,172.245.186.107,9506,mirai
feodo-tracker,51.178.161.32,4643,Dridex
feodo-tracker,194.58.98.196,3389,Dridex
feodo-tracker,93.186.200.154,3889,Dridex
feodo-tracker,23.160.192.125,447,Dridex
feodo-tracker,221.126.244.72,443,Dridex
feodo-tracker,208.71.173.207,3098,Dridex
feodo-tracker,111.230.104.169,3388,Dridex
feodo-tracker,217.79.184.243,33443,Dridex
feodo-tracker,62.75.168.106,3886,Dridex
feodo-tracker,82.165.152.127,3389,Dridex
feodo-tracker,85.207.13.169,443,Dridex
feodo-tracker,104.131.164.93,443,Dridex
feodo-tracker,46.101.90.205,4643,Dridex
feodo-tracker,123.206.58.135,8172,Dridex
feodo-tracker,103.40.116.68,5443,Dridex
feodo-tracker,209.59.199.129,4443,Dridex
feodo-tracker,54.38.143.246,691,Dridex
feodo-tracker,92.38.128.47,3389,Dridex
feodo-tracker,185.59.223.86,443,Dridex
feodo-tracker,52.73.70.149,443,Dridex
feodo-tracker,217.160.78.166,4664,Dridex
feodo-tracker,23.160.192.125,447,TrickBot
feodo-tracker,36.94.167.167,447,TrickBot
feodo-tracker,23.160.193.106,443,TrickBot
feodo-tracker,36.89.193.181,447,TrickBot
feodo-tracker,107.172.29.108,443,TrickBot
feodo-tracker,45.33.94.33,5037,Dridex
feodo-tracker,158.69.118.130,1443,Dridex
feodo-tracker,142.44.247.57,4043,Dridex
feodo-tracker,185.181.9.76,5037,Dridex
feodo-tracker,192.99.41.136,981,Dridex
feodo-tracker,41.211.125.59,447,TrickBot
feodo-tracker,177.87.0.7,447,TrickBot
feodo-tracker,36.89.193.235,447,TrickBot
feodo-tracker,200.142.124.146,447,TrickBot
feodo-tracker,103.89.252.130,447,TrickBot
feodo-tracker,45.234.248.154,447,TrickBot
feodo-tracker,45.201.134.202,447,TrickBot
feodo-tracker,159.224.167.102,447,TrickBot
feodo-tracker,178.128.83.165,443,Dridex
feodo-tracker,185.234.72.84,443,TrickBot
feodo-tracker,181.196.245.54,447,TrickBot
feodo-tracker,162.13.114.59,443,Dridex
feodo-tracker,37.187.115.122,6601,Dridex
feodo-tracker,5.182.210.132,443,TrickBot
feodo-tracker,123.231.149.123,447,TrickBot
feodo-tracker,85.25.134.43,8172,Dridex
feodo-tracker,162.241.204.234,6516,Dridex
feodo-tracker,121.199.35.69,443,Dridex
feodo-tracker,85.88.174.94,447,TrickBot
feodo-tracker,216.10.242.142,6601,Dridex
feodo-tracker,103.73.102.174,447,TrickBot
feodo-tracker,114.34.226.52,447,TrickBot
feodo-tracker,111.235.66.83,447,TrickBot
feodo-tracker,62.64.9.237,447,TrickBot
feodo-tracker,94.74.133.76,447,TrickBot
feodo-tracker,31.24.158.56,7275,Dridex
feodo-tracker,144.76.42.74,6601,Dridex
feodo-tracker,195.210.28.233,6601,Dridex
feodo-tracker,91.235.129.199,443,TrickBot
feodo-tracker,62.75.168.152,6601,Dridex
feodo-tracker,210.65.244.184,443,Dridex
feodo-tracker,77.220.64.137,443,Dridex
feodo-tracker,199.204.214.26,7073,Dridex
feodo-tracker,5.182.210.254,443,TrickBot
feodo-tracker,37.247.35.130,6601,Dridex
feodo-tracker,103.18.108.116,6601,Dridex
feodo-tracker,36.91.107.247,447,TrickBot
feodo-tracker,216.177.161.118,447,TrickBot
feodo-tracker,108.55.14.158,447,TrickBot
feodo-tracker,103.6.213.203,6601,Dridex
feodo-tracker,46.41.130.218,2303,Dridex
feodo-tracker,103.110.14.43,447,TrickBot
feodo-tracker,195.8.114.137,447,TrickBot
feodo-tracker,45.167.249.126,447,TrickBot
feodo-tracker,182.23.81.218,447,TrickBot
feodo-tracker,45.229.71.211,447,TrickBot
feodo-tracker,18.195.23.231,443,Dridex
feodo-tracker,77.220.64.141,5037,Dridex
feodo-tracker,185.229.225.1,6601,Dridex
feodo-tracker,210.65.244.174,6601,Dridex
feodo-tracker,195.201.199.53,2303,Dridex
feodo-tracker,159.8.59.84,443,Dridex
feodo-tracker,216.10.251.121,6601,Dridex
feodo-tracker,98.142.187.233,447,TrickBot
feodo-tracker,162.241.54.59,6601,Dridex
feodo-tracker,45.58.56.12,443,Dridex
feodo-tracker,51.91.76.89,2303,Dridex
feodo-tracker,5.59.205.32,443,TrickBot
feodo-tracker,161.132.187.158,447,TrickBot
feodo-tracker,98.142.187.174,447,TrickBot
ef03ef377ac24f4db564f5b8dd81ba0b8acbf3ed9133dac970812fa7b2d0650a,67.48.36.18,449,TrickBot
ef03ef377ac24f4db564f5b8dd81ba0b8acbf3ed9133dac970812fa7b2d0650a,46.254.128.174,449,TrickBot
ef03ef377ac24f4db564f5b8dd81ba0b8acbf3ed9133dac970812fa7b2d0650a,41.216.166.142,449,TrickBot
ef03ef377ac24f4db564f5b8dd81ba0b8acbf3ed9133dac970812fa7b2d0650a,181.143.251.154,449,TrickBot
ef03ef377ac24f4db564f5b8dd81ba0b8acbf3ed9133dac970812fa7b2d0650a,77.232.163.203,449,TrickBot
ef03ef377ac24f4db564f5b8dd81ba0b8acbf3ed9133dac970812fa7b2d0650a,87.97.178.92,449,TrickBot
ef03ef377ac24f4db564f5b8dd81ba0b8acbf3ed9133dac970812fa7b2d0650a,185.94.172.15,449,TrickBot
ef03ef377ac24f4db564f5b8dd81ba0b8acbf3ed9133dac970812fa7b2d0650a,185.230.5.43,443,TrickBot
ef03ef377ac24f4db564f5b8dd81ba0b8acbf3ed9133dac970812fa7b2d0650a,91.243.125.5,443,TrickBot
ef03ef377ac24f4db564f5b8dd81ba0b8acbf3ed9133dac970812fa7b2d0650a,185.242.168.118,443,TrickBot
ef03ef377ac24f4db564f5b8dd81ba0b8acbf3ed9133dac970812fa7b2d0650a,201.23.76.18,443,TrickBot
ef03ef377ac24f4db564f5b8dd81ba0b8acbf3ed9133dac970812fa7b2d0650a,180.178.109.222,443,TrickBot
ef03ef377ac24f4db564f5b8dd81ba0b8acbf3ed9133dac970812fa7b2d0650a,202.131.227.229,443,TrickBot
ef03ef377ac24f4db564f5b8dd81ba0b8acbf3ed9133dac970812fa7b2d0650a,163.53.83.117,443,TrickBot
ef03ef377ac24f4db564f5b8dd81ba0b8acbf3ed9133dac970812fa7b2d0650a,45.235.5.162,443,TrickBot
ef03ef377ac24f4db564f5b8dd81ba0b8acbf3ed9133dac970812fa7b2d0650a,185.189.55.207,449,TrickBot
ef03ef377ac24f4db564f5b8dd81ba0b8acbf3ed9133dac970812fa7b2d0650a,103.36.48.159,449,TrickBot
ef03ef377ac24f4db564f5b8dd81ba0b8acbf3ed9133dac970812fa7b2d0650a,168.253.208.234,449,TrickBot
ef03ef377ac24f4db564f5b8dd81ba0b8acbf3ed9133dac970812fa7b2d0650a,41.60.233.170,449,TrickBot
ef03ef377ac24f4db564f5b8dd81ba0b8acbf3ed9133dac970812fa7b2d0650a,170.79.181.188,449,TrickBot
ef03ef377ac24f4db564f5b8dd81ba0b8acbf3ed9133dac970812fa7b2d0650a,177.101.15.65,449,TrickBot
ef03ef377ac24f4db564f5b8dd81ba0b8acbf3ed9133dac970812fa7b2d0650a,194.156.81.206,443,TrickBot
ef03ef377ac24f4db564f5b8dd81ba0b8acbf3ed9133dac970812fa7b2d0650a,103.66.72.217,443,TrickBot
ef03ef377ac24f4db564f5b8dd81ba0b8acbf3ed9133dac970812fa7b2d0650a,113.161.174.240,443,TrickBot
ef03ef377ac24f4db564f5b8dd81ba0b8acbf3ed9133dac970812fa7b2d0650a,185.164.41.190,443,TrickBot
ef03ef377ac24f4db564f5b8dd81ba0b8acbf3ed9133dac970812fa7b2d0650a,181.112.188.78,443,TrickBot
ef03ef377ac24f4db564f5b8dd81ba0b8acbf3ed9133dac970812fa7b2d0650a,103.82.146.212,443,TrickBot
ef03ef377ac24f4db564f5b8dd81ba0b8acbf3ed9133dac970812fa7b2d0650a,186.183.184.218,443,TrickBot
ef03ef377ac24f4db564f5b8dd81ba0b8acbf3ed9133dac970812fa7b2d0650a,78.158.171.245,443,TrickBot
a193ed453655cc660f76cc4ce7ad37c2cfa98b2ab25c0dbb5a1d2d0bb3d9016c,88.218.17.110,1024,mirai
3221e5198e15c3a0c39ff74a99008a692be36f31b2be7eef5845e60825814f50,82.223.21.211,443,Dridex
3221e5198e15c3a0c39ff74a99008a692be36f31b2be7eef5845e60825814f50,80.211.33.13,6601,Dridex
3221e5198e15c3a0c39ff74a99008a692be36f31b2be7eef5845e60825814f50,185.148.168.220,2303,Dridex
67dbb1a1a60a53085f2c5b2bcfee445696bb891bd556b0c16025a61e68d56746,45.137.22.45,,avemaria
cc2bceafef2754bbba7d3c15c5f39ddc8d7a8c0fd9752d5be4be2dd6fe09ddb0,79.134.225.118,2405,remcos
cd1d2d1624063e1c6497d645976105746d683c8ab87608eda26be54157b7d2f1,104.209.133.4,,avemaria
09cce002d3af3b9d5444b46874b021a1ed48aac74d728829ef27b5ab8c3588f1,12.70.108.141,59666,mirai
51ca1dc81349f946bc93b40e1f9d1d8ea43d5008bd20d6f53253e5632fb98eb6,193.187.90.38,2404,remcos
641dab40b9959531f4fe1d814e3c182b3b46aaea60b3f81c1ff0f1874f2321f6,198.144.191.141,1024,mirai
dc0203d38d72ef0c75dd819460ecd27476d3f47d1e86a4e42fc360d4049c9148,89.250.208.42,449,TrickBot
dc0203d38d72ef0c75dd819460ecd27476d3f47d1e86a4e42fc360d4049c9148,182.253.184.130,449,TrickBot
dc0203d38d72ef0c75dd819460ecd27476d3f47d1e86a4e42fc360d4049c9148,31.211.85.110,443,TrickBot
dc0203d38d72ef0c75dd819460ecd27476d3f47d1e86a4e42fc360d4049c9148,85.112.74.178,449,TrickBot
dc0203d38d72ef0c75dd819460ecd27476d3f47d1e86a4e42fc360d4049c9148,102.68.17.97,443,TrickBot
dc0203d38d72ef0c75dd819460ecd27476d3f47d1e86a4e42fc360d4049c9148,103.76.150.14,443,TrickBot
dc0203d38d72ef0c75dd819460ecd27476d3f47d1e86a4e42fc360d4049c9148,96.9.77.142,443,TrickBot
dc0203d38d72ef0c75dd819460ecd27476d3f47d1e86a4e42fc360d4049c9148,91.185.236.170,449,TrickBot
dc0203d38d72ef0c75dd819460ecd27476d3f47d1e86a4e42fc360d4049c9148,87.76.1.81,449,TrickBot
dc0203d38d72ef0c75dd819460ecd27476d3f47d1e86a4e42fc360d4049c9148,91.225.231.120,443,TrickBot
dc0203d38d72ef0c75dd819460ecd27476d3f47d1e86a4e42fc360d4049c9148,62.213.14.166,443,TrickBot
dc0203d38d72ef0c75dd819460ecd27476d3f47d1e86a4e42fc360d4049c9148,81.95.45.234,449,TrickBot
dc0203d38d72ef0c75dd819460ecd27476d3f47d1e86a4e42fc360d4049c9148,148.216.32.55,443,TrickBot
dc0203d38d72ef0c75dd819460ecd27476d3f47d1e86a4e42fc360d4049c9148,109.185.139.90,449,TrickBot
dc0203d38d72ef0c75dd819460ecd27476d3f47d1e86a4e42fc360d4049c9148,202.166.211.197,443,TrickBot
dc0203d38d72ef0c75dd819460ecd27476d3f47d1e86a4e42fc360d4049c9148,196.41.57.46,449,TrickBot
dc0203d38d72ef0c75dd819460ecd27476d3f47d1e86a4e42fc360d4049c9148,84.21.206.164,449,TrickBot
dc0203d38d72ef0c75dd819460ecd27476d3f47d1e86a4e42fc360d4049c9148,190.122.168.219,443,TrickBot
dc0203d38d72ef0c75dd819460ecd27476d3f47d1e86a4e42fc360d4049c9148,77.95.93.132,449,TrickBot
dc0203d38d72ef0c75dd819460ecd27476d3f47d1e86a4e42fc360d4049c9148,41.77.134.250,443,TrickBot
dc0203d38d72ef0c75dd819460ecd27476d3f47d1e86a4e42fc360d4049c9148,87.116.151.237,449,TrickBot
dc0203d38d72ef0c75dd819460ecd27476d3f47d1e86a4e42fc360d4049c9148,185.205.250.162,443,TrickBot
dc0203d38d72ef0c75dd819460ecd27476d3f47d1e86a4e42fc360d4049c9148,103.9.188.23,449,TrickBot
dc0203d38d72ef0c75dd819460ecd27476d3f47d1e86a4e42fc360d4049c9148,78.138.187.231,443,TrickBot
dc0203d38d72ef0c75dd819460ecd27476d3f47d1e86a4e42fc360d4049c9148,138.185.72.142,443,TrickBot
dc0203d38d72ef0c75dd819460ecd27476d3f47d1e86a4e42fc360d4049c9148,173.81.4.147,443,TrickBot
dc0203d38d72ef0c75dd819460ecd27476d3f47d1e86a4e42fc360d4049c9148,31.134.124.90,443,TrickBot
dc0203d38d72ef0c75dd819460ecd27476d3f47d1e86a4e42fc360d4049c9148,200.90.11.177,449,TrickBot
dc0203d38d72ef0c75dd819460ecd27476d3f47d1e86a4e42fc360d4049c9148,5.59.205.32,443,TrickBot
10380521a34687ab8cec0784835fe63368b943a7ecccbddf6c4c358efd17d485,45.14.226.160,3884,mirai
2d2e5237ab5273047cc8cea4f15fd653342e8ec05540ec0ccdf023221916bf47,104.236.23.189,1791,mirai
4f7ff2c7d2d2370d4c732e3427a1f6c2bfdf7539e30ed95d2a6cd4bfd6d58ac4,82.223.21.211,443,Dridex
4f7ff2c7d2d2370d4c732e3427a1f6c2bfdf7539e30ed95d2a6cd4bfd6d58ac4,80.211.33.13,6601,Dridex
4f7ff2c7d2d2370d4c732e3427a1f6c2bfdf7539e30ed95d2a6cd4bfd6d58ac4,185.148.168.220,2303,Dridex
6b053e3e100315c377a2e16dc186dc1e0a4da2e35db8ff613e03f3510b0bcac7,40.83.20.77,,avemaria
2e23eefdae7e3d1963db648e0001ec52399b7d14ce644559c90e97ceae1b3ddf,156.234.211.198,1791,mirai
1e16539a0b2b0203e3c928f7a1c7ccf76d1f41c44cb5a0ecee262a9e7e74b54b,89.250.208.42,449,TrickBot
1e16539a0b2b0203e3c928f7a1c7ccf76d1f41c44cb5a0ecee262a9e7e74b54b,182.253.184.130,449,TrickBot
1e16539a0b2b0203e3c928f7a1c7ccf76d1f41c44cb5a0ecee262a9e7e74b54b,31.211.85.110,443,TrickBot
1e16539a0b2b0203e3c928f7a1c7ccf76d1f41c44cb5a0ecee262a9e7e74b54b,85.112.74.178,449,TrickBot
1e16539a0b2b0203e3c928f7a1c7ccf76d1f41c44cb5a0ecee262a9e7e74b54b,102.68.17.97,443,TrickBot
1e16539a0b2b0203e3c928f7a1c7ccf76d1f41c44cb5a0ecee262a9e7e74b54b,103.76.150.14,443,TrickBot
1e16539a0b2b0203e3c928f7a1c7ccf76d1f41c44cb5a0ecee262a9e7e74b54b,96.9.77.142,443,TrickBot
1e16539a0b2b0203e3c928f7a1c7ccf76d1f41c44cb5a0ecee262a9e7e74b54b,91.185.236.170,449,TrickBot
1e16539a0b2b0203e3c928f7a1c7ccf76d1f41c44cb5a0ecee262a9e7e74b54b,87.76.1.81,449,TrickBot
1e16539a0b2b0203e3c928f7a1c7ccf76d1f41c44cb5a0ecee262a9e7e74b54b,91.225.231.120,443,TrickBot
1e16539a0b2b0203e3c928f7a1c7ccf76d1f41c44cb5a0ecee262a9e7e74b54b,62.213.14.166,443,TrickBot
1e16539a0b2b0203e3c928f7a1c7ccf76d1f41c44cb5a0ecee262a9e7e74b54b,81.95.45.234,449,TrickBot
1e16539a0b2b0203e3c928f7a1c7ccf76d1f41c44cb5a0ecee262a9e7e74b54b,148.216.32.55,443,TrickBot
1e16539a0b2b0203e3c928f7a1c7ccf76d1f41c44cb5a0ecee262a9e7e74b54b,109.185.139.90,449,TrickBot
1e16539a0b2b0203e3c928f7a1c7ccf76d1f41c44cb5a0ecee262a9e7e74b54b,202.166.211.197,443,TrickBot
1e16539a0b2b0203e3c928f7a1c7ccf76d1f41c44cb5a0ecee262a9e7e74b54b,196.41.57.46,449,TrickBot
1e16539a0b2b0203e3c928f7a1c7ccf76d1f41c44cb5a0ecee262a9e7e74b54b,84.21.206.164,449,TrickBot
1e16539a0b2b0203e3c928f7a1c7ccf76d1f41c44cb5a0ecee262a9e7e74b54b,190.122.168.219,443,TrickBot
1e16539a0b2b0203e3c928f7a1c7ccf76d1f41c44cb5a0ecee262a9e7e74b54b,77.95.93.132,449,TrickBot
1e16539a0b2b0203e3c928f7a1c7ccf76d1f41c44cb5a0ecee262a9e7e74b54b,41.77.134.250,443,TrickBot
1e16539a0b2b0203e3c928f7a1c7ccf76d1f41c44cb5a0ecee262a9e7e74b54b,87.116.151.237,449,TrickBot
1e16539a0b2b0203e3c928f7a1c7ccf76d1f41c44cb5a0ecee262a9e7e74b54b,185.205.250.162,443,TrickBot
1e16539a0b2b0203e3c928f7a1c7ccf76d1f41c44cb5a0ecee262a9e7e74b54b,103.9.188.23,449,TrickBot
1e16539a0b2b0203e3c928f7a1c7ccf76d1f41c44cb5a0ecee262a9e7e74b54b,78.138.187.231,443,TrickBot
1e16539a0b2b0203e3c928f7a1c7ccf76d1f41c44cb5a0ecee262a9e7e74b54b,138.185.72.142,443,TrickBot
1e16539a0b2b0203e3c928f7a1c7ccf76d1f41c44cb5a0ecee262a9e7e74b54b,173.81.4.147,443,TrickBot
1e16539a0b2b0203e3c928f7a1c7ccf76d1f41c44cb5a0ecee262a9e7e74b54b,31.134.124.90,443,TrickBot
1e16539a0b2b0203e3c928f7a1c7ccf76d1f41c44cb5a0ecee262a9e7e74b54b,200.90.11.177,449,TrickBot
1e16539a0b2b0203e3c928f7a1c7ccf76d1f41c44cb5a0ecee262a9e7e74b54b,5.59.205.32,443,TrickBot
796a12fa304709253c9cca72f926f6e2e8f05d4d9320eee0a52f76124aad5a60,198.23.133.218,9506,mirai
b53ec5835738faf98c4917a5c8fcda10932e738086edeeb4c324e2f3cb04cefb,45.14.224.165,3884,mirai
1c162d96195febd0759be3bc801425c252ca1407e8e35db56043503fdb1b57e5,104.21.54.14,,CobaltStrike
1c162d96195febd0759be3bc801425c252ca1407e8e35db56043503fdb1b57e5,172.67.222.53,,CobaltStrike
13771ff63198ba9ac36d39a27c841b8155a526eb5904aba5220eba8ddd7b7fd6,2.57.122.45,45,mirai
fc3f6da2cc8db540d3afeb9daed53bcae897281f53971a0d90be09f1a6540425,159.65.199.92,9931,mirai
e448112f458d05f76565041714c6c411ff64371f079b6ca5cfafc1e6f2224485,91.205.173.252,34241,mirai
0bebec9154f698d3f615899153130370c8326ad3a788747248211e4cec4bc1bb,178.175.86.14,,avemaria
4e41bb912b800a8859c1c0905e55121682e68ef175ebd46b0aea55037b98a458,107.172.156.122,1024,mirai
0a918570f0568a46ca7ffeaa71a52c46dfe8c5f4de3395424fd9d084bc8ba4f2,217.64.149.109,2404,remcos
1849db84062bc31396c5fc3692459a5eccd3e7ba406279d7d45100eb044120c6,45.95.169.147,81,mirai
6cad67e0659bbff16a5a74162c9bca287b0d0d7b7c1e736834f840a41076af59,45.14.224.165,9375,mirai
796697bb9a756f64025e7ee8aeeae3d6774a29644188854022cc76b9537c9175,107.172.156.3,1024,mirai
656b3dee3bc6454dcb4534a128686d75bd502941c0d6a271642c6b99f1a728a1,185.140.53.9,8905,remcos
65edb6cc3cbad0096af4c0cabf24ad538cf4558e6f857dd4e27193b8d5ff506f,101.99.91.200,,avemaria
bac658cdcc1f88b5cd5f830981b3f4eb9a7b3bebfd0965e624fd60e3fc4f5431,37.139.64.106,42024,remcos
9f8643284c161fe4d8e6b63f5f65547500f943e02987a531636cc29aaaccc07d,45.95.169.139,1791,mirai
01a12db808daf723b4c892675f738f8aa315e1a26ff263beb5e4e99ae53c8a67,89.250.208.42,449,TrickBot
01a12db808daf723b4c892675f738f8aa315e1a26ff263beb5e4e99ae53c8a67,182.253.184.130,449,TrickBot
01a12db808daf723b4c892675f738f8aa315e1a26ff263beb5e4e99ae53c8a67,31.211.85.110,443,TrickBot
01a12db808daf723b4c892675f738f8aa315e1a26ff263beb5e4e99ae53c8a67,85.112.74.178,449,TrickBot
01a12db808daf723b4c892675f738f8aa315e1a26ff263beb5e4e99ae53c8a67,102.68.17.97,443,TrickBot
01a12db808daf723b4c892675f738f8aa315e1a26ff263beb5e4e99ae53c8a67,103.76.150.14,443,TrickBot
01a12db808daf723b4c892675f738f8aa315e1a26ff263beb5e4e99ae53c8a67,96.9.77.142,443,TrickBot
01a12db808daf723b4c892675f738f8aa315e1a26ff263beb5e4e99ae53c8a67,91.185.236.170,449,TrickBot
01a12db808daf723b4c892675f738f8aa315e1a26ff263beb5e4e99ae53c8a67,87.76.1.81,449,TrickBot
01a12db808daf723b4c892675f738f8aa315e1a26ff263beb5e4e99ae53c8a67,91.225.231.120,443,TrickBot
01a12db808daf723b4c892675f738f8aa315e1a26ff263beb5e4e99ae53c8a67,62.213.14.166,443,TrickBot
01a12db808daf723b4c892675f738f8aa315e1a26ff263beb5e4e99ae53c8a67,81.95.45.234,449,TrickBot
01a12db808daf723b4c892675f738f8aa315e1a26ff263beb5e4e99ae53c8a67,148.216.32.55,443,TrickBot
01a12db808daf723b4c892675f738f8aa315e1a26ff263beb5e4e99ae53c8a67,109.185.139.90,449,TrickBot
01a12db808daf723b4c892675f738f8aa315e1a26ff263beb5e4e99ae53c8a67,202.166.211.197,443,TrickBot
01a12db808daf723b4c892675f738f8aa315e1a26ff263beb5e4e99ae53c8a67,196.41.57.46,449,TrickBot
01a12db808daf723b4c892675f738f8aa315e1a26ff263beb5e4e99ae53c8a67,84.21.206.164,449,TrickBot
01a12db808daf723b4c892675f738f8aa315e1a26ff263beb5e4e99ae53c8a67,190.122.168.219,443,TrickBot
01a12db808daf723b4c892675f738f8aa315e1a26ff263beb5e4e99ae53c8a67,77.95.93.132,449,TrickBot
01a12db808daf723b4c892675f738f8aa315e1a26ff263beb5e4e99ae53c8a67,41.77.134.250,443,TrickBot
01a12db808daf723b4c892675f738f8aa315e1a26ff263beb5e4e99ae53c8a67,87.116.151.237,449,TrickBot
01a12db808daf723b4c892675f738f8aa315e1a26ff263beb5e4e99ae53c8a67,185.205.250.162,443,TrickBot
01a12db808daf723b4c892675f738f8aa315e1a26ff263beb5e4e99ae53c8a67,103.9.188.23,449,TrickBot
01a12db808daf723b4c892675f738f8aa315e1a26ff263beb5e4e99ae53c8a67,78.138.187.231,443,TrickBot
01a12db808daf723b4c892675f738f8aa315e1a26ff263beb5e4e99ae53c8a67,138.185.72.142,443,TrickBot
01a12db808daf723b4c892675f738f8aa315e1a26ff263beb5e4e99ae53c8a67,173.81.4.147,443,TrickBot
01a12db808daf723b4c892675f738f8aa315e1a26ff263beb5e4e99ae53c8a67,31.134.124.90,443,TrickBot
01a12db808daf723b4c892675f738f8aa315e1a26ff263beb5e4e99ae53c8a67,200.90.11.177,449,TrickBot
01a12db808daf723b4c892675f738f8aa315e1a26ff263beb5e4e99ae53c8a67,5.59.205.32,443,TrickBot
5ccd1fc275f27a7708eef7939c1874bab70285c406bad825a779d35efe9b898c,67.48.36.18,449,TrickBot
5ccd1fc275f27a7708eef7939c1874bab70285c406bad825a779d35efe9b898c,46.254.128.174,449,TrickBot
5ccd1fc275f27a7708eef7939c1874bab70285c406bad825a779d35efe9b898c,41.216.166.142,449,TrickBot
5ccd1fc275f27a7708eef7939c1874bab70285c406bad825a779d35efe9b898c,181.143.251.154,449,TrickBot
5ccd1fc275f27a7708eef7939c1874bab70285c406bad825a779d35efe9b898c,77.232.163.203,449,TrickBot
5ccd1fc275f27a7708eef7939c1874bab70285c406bad825a779d35efe9b898c,87.97.178.92,449,TrickBot
5ccd1fc275f27a7708eef7939c1874bab70285c406bad825a779d35efe9b898c,185.94.172.15,449,TrickBot
5ccd1fc275f27a7708eef7939c1874bab70285c406bad825a779d35efe9b898c,185.230.5.43,443,TrickBot
5ccd1fc275f27a7708eef7939c1874bab70285c406bad825a779d35efe9b898c,91.243.125.5,443,TrickBot
5ccd1fc275f27a7708eef7939c1874bab70285c406bad825a779d35efe9b898c,185.242.168.118,443,TrickBot
5ccd1fc275f27a7708eef7939c1874bab70285c406bad825a779d35efe9b898c,201.23.76.18,443,TrickBot
5ccd1fc275f27a7708eef7939c1874bab70285c406bad825a779d35efe9b898c,180.178.109.222,443,TrickBot
5ccd1fc275f27a7708eef7939c1874bab70285c406bad825a779d35efe9b898c,202.131.227.229,443,TrickBot
5ccd1fc275f27a7708eef7939c1874bab70285c406bad825a779d35efe9b898c,163.53.83.117,443,TrickBot
5ccd1fc275f27a7708eef7939c1874bab70285c406bad825a779d35efe9b898c,45.235.5.162,443,TrickBot
5ccd1fc275f27a7708eef7939c1874bab70285c406bad825a779d35efe9b898c,185.189.55.207,449,TrickBot
5ccd1fc275f27a7708eef7939c1874bab70285c406bad825a779d35efe9b898c,103.36.48.159,449,TrickBot
5ccd1fc275f27a7708eef7939c1874bab70285c406bad825a779d35efe9b898c,168.253.208.234,449,TrickBot
5ccd1fc275f27a7708eef7939c1874bab70285c406bad825a779d35efe9b898c,41.60.233.170,449,TrickBot
5ccd1fc275f27a7708eef7939c1874bab70285c406bad825a779d35efe9b898c,170.79.181.188,449,TrickBot
5ccd1fc275f27a7708eef7939c1874bab70285c406bad825a779d35efe9b898c,177.101.15.65,449,TrickBot
5ccd1fc275f27a7708eef7939c1874bab70285c406bad825a779d35efe9b898c,194.156.81.206,443,TrickBot
5ccd1fc275f27a7708eef7939c1874bab70285c406bad825a779d35efe9b898c,103.66.72.217,443,TrickBot
5ccd1fc275f27a7708eef7939c1874bab70285c406bad825a779d35efe9b898c,113.161.174.240,443,TrickBot
5ccd1fc275f27a7708eef7939c1874bab70285c406bad825a779d35efe9b898c,185.164.41.190,443,TrickBot
5ccd1fc275f27a7708eef7939c1874bab70285c406bad825a779d35efe9b898c,181.112.188.78,443,TrickBot
5ccd1fc275f27a7708eef7939c1874bab70285c406bad825a779d35efe9b898c,103.82.146.212,443,TrickBot
5ccd1fc275f27a7708eef7939c1874bab70285c406bad825a779d35efe9b898c,186.183.184.218,443,TrickBot
5ccd1fc275f27a7708eef7939c1874bab70285c406bad825a779d35efe9b898c,78.158.171.245,443,TrickBot
4fd5ec700ca48747cd007b121f21247dd8581155f61eafa2b76af5d7a9e7a19f,99.81.122.12,,CobaltStrike
f83ae6f9258b33ce95cd010236d5a13ac2570c7c4f51a79f78884217e00a6e9d,35.158.226.16,,CobaltStrike
f83ae6f9258b33ce95cd010236d5a13ac2570c7c4f51a79f78884217e00a6e9d,52.28.253.50,,CobaltStrike
f83ae6f9258b33ce95cd010236d5a13ac2570c7c4f51a79f78884217e00a6e9d,52.59.168.192,,CobaltStrike
080a9f62f061864748d3d70e3dfc86e93bf238dc0935ffa09d9d5f04fc19ab21,35.158.226.16,,CobaltStrike
080a9f62f061864748d3d70e3dfc86e93bf238dc0935ffa09d9d5f04fc19ab21,52.28.253.50,,CobaltStrike
080a9f62f061864748d3d70e3dfc86e93bf238dc0935ffa09d9d5f04fc19ab21,52.59.168.192,,CobaltStrike
cdba507e2a692061e9624c0a9967ec06687f939aa64e686081e02015221001bf,104.21.77.229,,CobaltStrike
cdba507e2a692061e9624c0a9967ec06687f939aa64e686081e02015221001bf,172.67.212.143,,CobaltStrike
ddc935936648cec2b24fc20223c422028ff5433aba650443f259ad9481df55ea,142.93.152.156,,CobaltStrike
feodo-tracker,77.232.163.203,449,TrickBot
feodo-tracker,87.97.178.92,449,TrickBot
feodo-tracker,91.243.125.5,443,TrickBot
feodo-tracker,181.143.251.154,449,TrickBot
feodo-tracker,185.94.172.15,449,TrickBot
feodo-tracker,163.53.83.117,443,TrickBot
feodo-tracker,202.131.227.229,443,TrickBot
feodo-tracker,180.178.109.222,443,TrickBot
1fbc1f9e86f657d7df3ba9c7307b48c1bd63524ccc16817e2a44877a6bb61a43,160.116.117.85,1791,mirai
e226633f533e290991773f6dc2c6fbfa5df7ccff34b7f347cff6a6ffe1aa6983,185.140.53.230,16108,remcos
587adf5b2fc7e9a48e199b25777f396cfcee8562701238124e34a956fc8a4cf1,174.139.20.145,1791,mirai
ad5b897892fc95541171d3ea38034a4a03842c5d0017be49a7112c51977aec90,104.194.232.244,,CobaltStrike
ea1fac44439235633b2c61a444401ce558f0271c84f44aa329d0a029cf6fae7c,91.134.187.27,,CobaltStrike
ea1fac44439235633b2c61a444401ce558f0271c84f44aa329d0a029cf6fae7c,91.134.187.27,,CobaltStrike
5a24c0b82c6d5a11e110e575c9b3d86b265e38f3f0f093eb91b6c379a87ead4b,34.222.203.112,,CobaltStrike
511609facfb080e129c164b3e54a800f1eb8260bb291c4dcc9442e93bf84798d,194.68.32.17,,CobaltStrike
561e81cc3bc014cd990eea4d1202aa3bfcbe9edd6ecce81b095fe8fdfdac881c,185.118.166.205,,CobaltStrike
561e81cc3bc014cd990eea4d1202aa3bfcbe9edd6ecce81b095fe8fdfdac881c,185.118.166.205,,CobaltStrike
561e81cc3bc014cd990eea4d1202aa3bfcbe9edd6ecce81b095fe8fdfdac881c,185.118.166.205,,CobaltStrike
561e81cc3bc014cd990eea4d1202aa3bfcbe9edd6ecce81b095fe8fdfdac881c,185.118.166.205,,CobaltStrike
a8a0a74f367d44815599a64ce9bd0d22e12509f6fc2f8b6d640fa2c4a0f78b14,149.28.96.56,,CobaltStrike
dc4860832a17743096c232663fd81513a99a20c7300f241ad628b06258004d80,134.209.117.238,,CobaltStrike
1bdeb524ee993aebb7bd37847970567f55579fe3fcf5714348f8ea783ec4e18e,149.28.96.56,,CobaltStrike
3aa7c769c29c7ee8eeb4c809383ab746591d06f25dbfd4158d8e364201b54b74,18.209.28.236,,CobaltStrike
19df61e74d56085f1de47edf1c9c0f20a331c34406efa44bfa3b1a03085fdb6c,167.179.96.215,,CobaltStrike
0a92fc763c0447b8644ee247c48d87ef5ad70f4239b68cbd88a3214bb7ed28ec,119.28.92.130,,CobaltStrike
185713ae3dc065f68a088351a4f189640fcdd84c739647e76b53f807d3e32b6e,23.106.160.136,,CobaltStrike
fd0ad1d45c94e6ffdb62b5e6ae40b47e3a57b50919fa6757c9f375303ebbf316,47.244.230.246,,CobaltStrike
2874191eb90ec42495e17672c1cf83ad571bdc054ecac66d06e9dabcdebb3b24,72.21.81.200,,CobaltStrike
f2bc7c8a03edc159d82845e2f47d048d8fa5dfc2ad74c1a984be7f3bef676e3f,176.121.14.249,,CobaltStrike
87b1ff172bf4e075c2146ed96a98d884b30cf49b6478d90172b537a2eca6d7d5,108.62.118.4,,CobaltStrike
7a52d5df0f3096deb073f281a653907856833142e1c0e8f761a1a60ddc95e862,58.215.145.112,,CobaltStrike
d71c83cbc4b6a38080514fb22b0beebe09dd2c90cb54c59118bf2d961b5cb1cb,172.241.27.57,,CobaltStrike
ed081cee808c34c3915b570d1c123341a3a9901cbb4ec98d04deafd8cdc12b9a,172.93.201.197,,CobaltStrike
824796c56a9de077ba0b4a0352dbdf1434be5da2b65d7ab9c4683478b90164ba,104.21.74.207,,CobaltStrike
824796c56a9de077ba0b4a0352dbdf1434be5da2b65d7ab9c4683478b90164ba,172.67.162.229,,CobaltStrike
a1440df6b5b1e4acf3aa42992088a930a550c1b4a04e991a5e63bcc3317bea1c,77.123.155.74,,CobaltStrike
bc32e5588ab7fbafcf4bbb7f43308ce224268cbe02a6c07020d1b7c74f2d7372,141.164.39.54,,CobaltStrike
bc32e5588ab7fbafcf4bbb7f43308ce224268cbe02a6c07020d1b7c74f2d7372,141.164.39.54,,CobaltStrike
bc32e5588ab7fbafcf4bbb7f43308ce224268cbe02a6c07020d1b7c74f2d7372,141.164.39.54,,CobaltStrike
9be98e32cbdd4a4c98abffd1a1313ee56a6fa1769caa10588fc35cdb476ac816,185.189.151.107,,CobaltStrike
ed402278f96082165e9f2527fedbabd869958c9140bf4abc2ff1bb820ca2d217,108.62.141.170,,CobaltStrike
ed402278f96082165e9f2527fedbabd869958c9140bf4abc2ff1bb820ca2d217,172.82.148.202,,CobaltStrike
f84277c8222a186def68348249cc220a0fa924459f73ecfbb4d002e6b136de68,142.11.237.226,,CobaltStrike
f84277c8222a186def68348249cc220a0fa924459f73ecfbb4d002e6b136de68,142.11.237.226,,CobaltStrike
90190b1110bf43eddf6bd76c2ec3ef6b21e4ec50ade40097fd2f0b741b40ae67,13.107.246.19,,CobaltStrike
90190b1110bf43eddf6bd76c2ec3ef6b21e4ec50ade40097fd2f0b741b40ae67,13.107.213.19,,CobaltStrike
b2e85e4fea448e0372fa33016b675e2adccea7f0d56750a15bb157d322ba07f6,54.202.73.244,,CobaltStrike
b2e85e4fea448e0372fa33016b675e2adccea7f0d56750a15bb157d322ba07f6,54.202.73.244,,CobaltStrike
c52c2ffacb2dd4adc66b9955b6f0b53829a28dc5bc486c9c785357a6a085a393,81.70.213.71,,CobaltStrike
147d1f782c3a30c2cf913f3acfe099b90d3ca3772400f2d2db26e8d80171fcb2,103.69.195.104,,CobaltStrike
c4aa2fd73b3d9fe79678bc019186b0d02ab56e70e1aab3528ed128a5ddcf1ec4,128.199.115.88,,CobaltStrike
98d3e8fddae67dfc569468f6f0d66c3166cccea28594fa52e65d531b1e5ceb6e,13.107.246.19,,CobaltStrike
98d3e8fddae67dfc569468f6f0d66c3166cccea28594fa52e65d531b1e5ceb6e,13.107.213.19,,CobaltStrike
e0c1c82780b0ceeaa02462ce8a20cd316015214d47786097387dd43a74dbb700,45.32.136.204,,CobaltStrike
e0c1c82780b0ceeaa02462ce8a20cd316015214d47786097387dd43a74dbb700,45.76.25.185,,CobaltStrike
0530592c23359b2b01147f3e6c608f57a1a8b09d2e7b8d6afa3f06a8567d866f,167.179.96.215,,CobaltStrike
e885408f800ac23ad811dda4fb5d0b10495c3594c431eceb23c6fdc09661bbbc,100.24.72.66,,CobaltStrike
bd4fbbe7ded803af44faaf7e09fd40c8e03040d3ca342492e419a809fd0c9d55,185.189.151.107,,CobaltStrike
41d5d0e731e3b17c4a0570e90211a3fd5877ade9c39a086be2f97d3775073e02,23.106.160.161,,CobaltStrike
f86eac43fafedc533a057df81a393f6365c9a1fa47dd5ae23f65923b92a69475,172.93.201.252,,CobaltStrike
1fb2a86c0f9802b93a6d001928556b620caab39975841c9fc9b4e951594d70c9,77.123.155.74,,CobaltStrike
732423665b1121f3349a75439f498adf45906d168cc1fcb25c2f4423f4bfe8a6,185.118.166.205,,CobaltStrike
732423665b1121f3349a75439f498adf45906d168cc1fcb25c2f4423f4bfe8a6,185.118.166.205,,CobaltStrike
732423665b1121f3349a75439f498adf45906d168cc1fcb25c2f4423f4bfe8a6,185.118.166.205,,CobaltStrike
732423665b1121f3349a75439f498adf45906d168cc1fcb25c2f4423f4bfe8a6,185.118.166.205,,CobaltStrike
0385760866b9afb35f254c0ee27ac2b440439835cb8aa13e00bca3b678ca1011,23.106.160.174,,CobaltStrike
d764abb66559a370a1ffe67058041c08671e6373e6bd01e39ca8e6d287f88e39,192.119.111.136,,CobaltStrike
0aa3c92bed2d7096370313202fa386aa4b631891b06be70c64101bd2657498bf,5.189.184.60,,CobaltStrike
39f228ed6a53efba7c0d13352f3a9a56295a1dd779810454d74b79939916a6e1,23.82.140.215,,CobaltStrike
0cfa14061ddd0cc13c07ad327fe40cac160f10c842b3f86d43c8a40ea917b44a,69.172.80.131,,CobaltStrike
3aa857279264cfe61123d4d968930eacde096845c33548d756a6723d52ef5022,47.242.41.171,,CobaltStrike
d09ed1e5db379ea7b2406c6f6921259c2cb671cb4f1c423e114dd4d09f913c28,74.118.138.207,,CobaltStrike
ad9eb82680c564423864401fe6b5f79c2236873f4e8b1642558600bbb45d35f6,5.189.184.60,,CobaltStrike
26729ea75b8fd67f297966c074bc6ce86d39fa53044a2a767344c2c11446e402,5.252.176.7,,CobaltStrike
331c42e71c06f79aa93078e5205aefc946c919870bf6c454fa44333ddd4a844b,104.194.232.244,,CobaltStrike
7e8fbc681a213ed59a5d8b82121069141045cc17815f7d47d293467abbd61b19,185.203.117.79,,CobaltStrike
4a9adbe16fc0f651404a032999d44667ec2652df7f886bcee9b9853792983ef0,192.184.35.222,,CobaltStrike
969abbd6106037edf59f9b52b0a011327925c637d96c575464a64e9840c2eafe,149.6.167.60,,CobaltStrike
b4596fb69804224dec5fae30a65609904f399055b7da7580702b85e6a8705f9b,45.128.156.102,,CobaltStrike
e4e5bd49505a6c07b5aa39045aec925eca7058fba7ccce0f5aa509f0268dc0dd,23.106.160.161,,CobaltStrike
fb03a7475c811be80f008671c01d349f92af9d5c0d98f67557a33e22d2e5b27e,142.11.237.226,,CobaltStrike
fb03a7475c811be80f008671c01d349f92af9d5c0d98f67557a33e22d2e5b27e,142.11.237.226,,CobaltStrike
1d1a41a751a542d51bd0d28c3c88cc78e5d506d4c96388d999e3ee8be7a53606,176.121.14.249,,CobaltStrike
fb4598414ed747e51d0edac9d2e6d4cf4fa71636899681ba3458a5da1ca53530,23.82.140.137,,CobaltStrike
8b502b83edc4ae0a3a0017d3496a11ab39e21a56481a7b242a3a47ca45d1f4d1,108.62.141.170,,CobaltStrike
8b502b83edc4ae0a3a0017d3496a11ab39e21a56481a7b242a3a47ca45d1f4d1,172.82.148.202,,CobaltStrike
db763d6af317a04761df8574e97969912aedb8b8ed0d6ccfa7c27a1cf67020cb,128.199.115.88,,CobaltStrike
92479fcdb6b260afbdc64d0e5698b8a54c4031ba1a63874c0441de70a7feb4a6,173.234.155.86,,CobaltStrike
92479fcdb6b260afbdc64d0e5698b8a54c4031ba1a63874c0441de70a7feb4a6,204.16.247.151,,CobaltStrike
081de4ad4daff7c8f3af3759fb80fca7791c670ec523bc83c0c4ad1f1a2f4838,172.241.27.70,,CobaltStrike
32b9387c54603430edcee9fa977897774480d2fda007b2ca8c103a83e4d50d77,91.134.187.27,,CobaltStrike
32b9387c54603430edcee9fa977897774480d2fda007b2ca8c103a83e4d50d77,91.134.187.27,,CobaltStrike
2aa0e99e561a501f2e7204f7e6bf2abb2b0f396f98c91913a7c4191ffe68bacd,204.16.247.235,,CobaltStrike
68cfb84a3c91a76635b7eae8e924de1a0a53e25102c72d1d74e3dcfa150dc96f,141.164.39.54,,CobaltStrike
68cfb84a3c91a76635b7eae8e924de1a0a53e25102c72d1d74e3dcfa150dc96f,141.164.39.54,,CobaltStrike
68cfb84a3c91a76635b7eae8e924de1a0a53e25102c72d1d74e3dcfa150dc96f,141.164.39.54,,CobaltStrike
74343a03878dc305156c7be42483fd3416224052deea3ed3f0baa81bddc2c213,151.101.53.73,,CobaltStrike
7f401d41083c29e7a1fac839fa50e7f017865ef18d340d33d642e15e3990eeba,119.28.92.130,,CobaltStrike
5d40cc9aadffe98372ed1a00cfadc72b8d5cbe7c514b419c5f75a200d8fde1f1,54.202.73.244,,CobaltStrike
5d40cc9aadffe98372ed1a00cfadc72b8d5cbe7c514b419c5f75a200d8fde1f1,54.202.73.244,,CobaltStrike
469c117210af4a5d908e63aea8c98177a68b3481f0edb3a9e1c6ed146da6d870,3.132.88.234,,CobaltStrike
544b1f21b90f5f66c60549df986187c6b2bd2ea585fb881b898962b99498a88d,88.198.165.127,,CobaltStrike
a1ba77646f23a5b93db2a5794f5e28da50c451545258bfbccee640e529cc995a,51.210.135.25,,CobaltStrike
5e9b92421908fe182a1e8be0a20d3264791f8981021005f5a1fb46c17ed35428,103.69.195.104,,CobaltStrike
778829beb57827b455e85ea93d6439fcbc9549d39a005f1b770d844f88b3c0f0,108.62.118.4,,CobaltStrike
1db1c74e5a4a23ce9eb036f4f215ef633a487386661b51dbdc3498a5a72faaab,88.198.165.127,,CobaltStrike
24ad6850d1a9842f19709f34fcabce479f0ecf25f5a3937765822694d76fcd5f,151.101.53.132,,CobaltStrike
24ad6850d1a9842f19709f34fcabce479f0ecf25f5a3937765822694d76fcd5f,151.101.65.67,,CobaltStrike
24ad6850d1a9842f19709f34fcabce479f0ecf25f5a3937765822694d76fcd5f,151.101.129.67,,CobaltStrike
24ad6850d1a9842f19709f34fcabce479f0ecf25f5a3937765822694d76fcd5f,151.101.193.67,,CobaltStrike
24ad6850d1a9842f19709f34fcabce479f0ecf25f5a3937765822694d76fcd5f,151.101.1.67,,CobaltStrike
fab40a945f91307f30549eca9f71994f08c1d1e1b93c758d4371fed25bcf21f7,23.19.227.238,,CobaltStrike
7e95e36dfb60e914de6c4f5caf007bf928fe806b1c9ef84e483b52e07bcb958a,45.128.156.102,,CobaltStrike
941a379d129b59535fbf6474404f025c3ca093e5e462cf6aa6af831ba635de7c,100.24.72.66,,CobaltStrike
152ec449128473e9da3c7bd2e1cc04e8b5f394def6734da6f1d0e665c6db2454,91.211.246.238,,CobaltStrike
cbfc9e57ae61c87a81b9166f054f6d37f54ef7e102a8d9c4b58301ebf5a0609b,204.16.247.235,,CobaltStrike
20f71db975cd69c97a45a6081b8fffeaf3f0437586de96ff1a8434e6738fea8b,47.244.230.246,,CobaltStrike
2107e45f1b8e239a3dae46c6b5bef1cdba4b3441f8a04b8e42d5f36eada802c2,152.199.4.33,,CobaltStrike
1090562cf8a9868df9538cc2cc5697e02b481ea9d577fd9481fb0a3a38a8e92c,74.118.138.207,,CobaltStrike
190376ef511a8699bac465664cdb887289740efde3248993448e7de2e0db26a4,142.93.152.156,,CobaltStrike
c20ba5a8f7b205d43267ec671068cf7a72b3810c44cf5315fc64adedcbc80c2d,58.215.145.112,,CobaltStrike
8ba71819063f1a36d18ee80370dfcc6efaa34df1c7446416ff9587aadc5f5e1c,173.234.155.86,,CobaltStrike
8ba71819063f1a36d18ee80370dfcc6efaa34df1c7446416ff9587aadc5f5e1c,204.16.247.151,,CobaltStrike
4030b28323a9e43c0c126408febea7a74de4bd646a90694bb4b253fc7ea3d286,172.241.27.125,,CobaltStrike
4030b28323a9e43c0c126408febea7a74de4bd646a90694bb4b253fc7ea3d286,23.108.57.3,,CobaltStrike
4369b1a3e40b4cfd0a06e2ed1f00480dc9adca50d94599a7978070f9ec25a77e,172.241.27.125,,CobaltStrike
4369b1a3e40b4cfd0a06e2ed1f00480dc9adca50d94599a7978070f9ec25a77e,23.108.57.3,,CobaltStrike
bf37154903977ce12ad1a8074441ff54b63d93d1c12c3b37cc76e7935804d5ba,74.118.138.25,,CobaltStrike
cedb1e55f20d79499c03137de2af8fefa3c8f4fd344843086e290617b28be00c,108.62.118.192,,CobaltStrike
cedb1e55f20d79499c03137de2af8fefa3c8f4fd344843086e290617b28be00c,64.187.239.74,,CobaltStrike
cedb1e55f20d79499c03137de2af8fefa3c8f4fd344843086e290617b28be00c,23.106.160.80,,CobaltStrike
4d11eab01e074e3a74afdab8ef39fe8183d95b328c682a325a95e3b456d76e70,23.106.215.38,,CobaltStrike
4d11eab01e074e3a74afdab8ef39fe8183d95b328c682a325a95e3b456d76e70,23.106.160.78,,CobaltStrike
6aa58933a24d90c6c0e0e47bc9120d4b24d001d8824f5f9895e2713f1812dc28,108.62.118.192,,CobaltStrike
6aa58933a24d90c6c0e0e47bc9120d4b24d001d8824f5f9895e2713f1812dc28,64.187.239.74,,CobaltStrike
6aa58933a24d90c6c0e0e47bc9120d4b24d001d8824f5f9895e2713f1812dc28,23.106.160.80,,CobaltStrike
e31dc6397275ea270f92d11c3dd2535207ce08dfed84ca3a085fe4097d8553f1,47.104.156.242,,CobaltStrike
c8c4f089081c977d64ec69475f3a77f4a8f726cc97596a442604069e31466142,106.15.197.67,,CobaltStrike
7d351865b510245ede93e6045833935ca846e8fd58b7cb8fa97f860cfa2a50b1,172.93.201.252,,CobaltStrike
7bee0b9be802836478f6354ca47df49afd327276bafe7e3d399304d8de1ae4fa,47.104.156.242,,CobaltStrike
516ceb8a74424867782d63d28f9b38f28a3ca520173e62fa36743927c00269b3,18.209.28.236,,CobaltStrike
139a097fb0828e70e718fc89feb340abf5321d90181bf80cad890e37a4ff518d,194.68.32.17,,CobaltStrike
a5e51e099554a8fee0e794a676c0aebc32811c77807d020f05a45508bf98d4f9,23.106.160.174,,CobaltStrike
6a0e1686db65be61c40ef00d0db598f05475e04f76f60bf52ebdced0df2afd56,106.15.197.67,,CobaltStrike
3ca1bf23378473822d3d9c8ac3c98adef9543d2942e3107a606e8ef2f0f1d36a,172.93.201.197,,CobaltStrike
9f947a848dbf9ff8f7b047a2d7fb79386e13606fbf6550d827db4cdc8e8dfa52,152.199.4.33,,CobaltStrike
342a1a5923e33ee32581d6e9fc638716b5990c17323f69918d2fda9266beae9e,23.19.227.238,,CobaltStrike
2ab0a1d22039b65364847f3cc32b3cabdf49201bdacd3cd33ab4266a64804fd8,91.211.246.238,,CobaltStrike
7f8265a6efc465da55b56067bc9881e9876b924c3e2b23b017aef720aee331a4,192.184.35.222,,CobaltStrike
ac6443845b8183be1b89cd5e788c3ef6929fd2c6b6333e604104ddb50aa14361,69.172.80.131,,CobaltStrike
1a05e6f45baa4fe3ea559d1d43c1ed4b4b729c6222fde24d92cdd6e56872d951,23.106.160.136,,CobaltStrike
2c55f2534b8373e74735883f379e9499248f08933388683a218154c6b8859807,108.62.118.29,,CobaltStrike
ff8c68780ea1b0bd4d12c3f52ee0e7ac26eaf2dea5afd9ac87a71436916d23a1,5.252.176.7,,CobaltStrike
9f5cb642a9ce0af76a76ca399092daffb3f7c73e3d1ce1110323c464c77e7ea0,172.67.162.229,,CobaltStrike
9f5cb642a9ce0af76a76ca399092daffb3f7c73e3d1ce1110323c464c77e7ea0,104.21.74.207,,CobaltStrike
c7e39bc8b3b5c6a7ecc937eb012eeea649536d273735b0a940708e599730cc15,104.193.252.197,,CobaltStrike
9d32b433fe13817671d70d82645e98a1e7bdf59674bd041127d90b448b87e915,172.241.27.70,,CobaltStrike
b0689e38aa7e911afe633f83865469982b515a6cef46033ffe116b24ea540d9b,74.118.138.25,,CobaltStrike
44ca2c0df94b31b3f3f627827bc676ac1844f8e4d5e0528e299a7910199f6416,74.118.138.139,,CobaltStrike
44ca2c0df94b31b3f3f627827bc676ac1844f8e4d5e0528e299a7910199f6416,108.62.141.5,,CobaltStrike
1f91f28e4bf4cdb93bb7ae20469c092922017baabaf69687dfce3a222fbe199c,104.193.252.197,,CobaltStrike
e92ef4c7ec65b3f95ee89a04ad83e76294b8d4e6c8fb0262c40ad9b4bda6ae90,3.132.88.234,,CobaltStrike
8ca85f988c10ee5072ab01f9080e0452bebbbed09a65b42bf051035dc3746c23,172.93.201.180,,CobaltStrike
8ca85f988c10ee5072ab01f9080e0452bebbbed09a65b42bf051035dc3746c23,23.106.160.111,,CobaltStrike
242a266b52b336df8b29eca5e9a147df2fce7d0022a17aa2bd2e72cd01f614bc,23.82.140.137,,CobaltStrike
a981122a31c6935c4f141e18f687fff3463289eee4b801c2e131e9f136ae1610,45.32.136.204,,CobaltStrike
a981122a31c6935c4f141e18f687fff3463289eee4b801c2e131e9f136ae1610,45.76.25.185,,CobaltStrike
f4d7bfabc94e567a5b86a50330ed560fd3270a5fe5b643455f9e2a2b3c5a7201,151.101.53.73,,CobaltStrike
611b91d6a7cc5af56f062df534a903a14240e54286967d4d049d78ece0adc2a3,172.93.201.180,,CobaltStrike
611b91d6a7cc5af56f062df534a903a14240e54286967d4d049d78ece0adc2a3,23.106.160.111,,CobaltStrike
192281a26bcac7bb58f8c29dbb6d63ca41f9e9f4d81b5d8cabd845239b14e059,108.62.118.29,,CobaltStrike
2ad48ec0653c64fa985a0daa2c33e68471f843cb3ca0ecefdc9ed9d032dfee54,74.118.138.139,,CobaltStrike
2ad48ec0653c64fa985a0daa2c33e68471f843cb3ca0ecefdc9ed9d032dfee54,108.62.141.5,,CobaltStrike
ac08798742c46db51a6bbd67cf8d000a135c0e72ca4c8925f9fd72b1de617301,192.119.111.136,,CobaltStrike
b88fab57e9b2f75c835b43d2400e29c1433d521ef2cc126a263208b16ada2b4c,149.6.167.60,,CobaltStrike
a8c8164d54c08c3ff9cdf56221f9b2c4e8b91a62f76fc64eae8dba4db853e384,23.106.215.38,,CobaltStrike
a8c8164d54c08c3ff9cdf56221f9b2c4e8b91a62f76fc64eae8dba4db853e384,23.106.160.78,,CobaltStrike
061e520a4058f9793d3083476d5c6e44b70e95cd4ab0f50bb03b36120782793d,47.242.41.171,,CobaltStrike
b81d53040e4f76bab141980f5a745d149ec128fa3d320cb9804d7363dde21eb7,185.150.117.35,,CobaltStrike
39d8fca328d980b4413271da962f52d117e81fcdd2609ce2a1721bb133c38187,23.82.140.215,,CobaltStrike
98a5c0001765c4efcc4915f5f76d14ba7adfe71cde223e6b7bfed4de4a631adb,5.181.156.210,,CobaltStrike
32fd914e62f6b20447d9b53d59f1b83aa412a4e3ed5ad288e3845ba412541ce4,172.241.27.57,,CobaltStrike
bb869392b4d25493e7889109f96f1e049e27c3c19d1173c79d79a5d3ef6866a5,204.16.247.41,,CobaltStrike
92e874d3249526c0ded65076c1c26a50073b0be6c5fe1e29c4bf1d58b5e29ad9,121.196.153.136,,CobaltStrike
1672c632c61472df6c8aac360d123e314d9f7571d6045d63a6f4fd0fd61345c3,172.105.253.146,1791,mirai
655dd7f58192d29e7931f556097bd25a3574c6d691e7ecedffe7b7680215a190,124.156.148.167,,CobaltStrike
cde0935fdc211a57b38d5c3d2643965541cc5faf6d33f977a2f87e0520a4885c,23.106.215.40,,CobaltStrike
cde0935fdc211a57b38d5c3d2643965541cc5faf6d33f977a2f87e0520a4885c,104.243.41.123,,CobaltStrike
98e395883e1dda0b760299b36ca3319eb69780928416da53f791a5c2db28f744,58.218.215.124,,CobaltStrike
98e395883e1dda0b760299b36ca3319eb69780928416da53f791a5c2db28f744,122.193.130.85,,CobaltStrike
98e395883e1dda0b760299b36ca3319eb69780928416da53f791a5c2db28f744,125.37.206.221,,CobaltStrike
98e395883e1dda0b760299b36ca3319eb69780928416da53f791a5c2db28f744,120.221.181.171,,CobaltStrike
24096a84899d1ccb2831a03ee7a4c59379f2f72ac0a8a58c14a3d06a6e585809,213.217.0.216,,CobaltStrike
936e8b807cbf1f3910cd5c9a0317ef7db6b6f2787e922ac8a7a0479920cefb7d,103.79.176.53,,CobaltStrike
f1253e0427bfc59e9873c825a4f05d964cd1039fdddd9dc76308313e8c5c5e9a,45.195.158.36,,CobaltStrike
a5f721a08315bb4c11b1be63aba0c6ce23cc4ad57cfca3b9fdf818f697769466,47.101.214.85,,CobaltStrike
bab57752677e0da6dad7767570e97b7c8674655f31018b153ac0140153a49eee,51.210.135.25,,CobaltStrike
59e437cfe7b35b71bc82b77fd46f5256393a3547af2366debc9899ec897211b4,149.28.20.245,,CobaltStrike
e48a9be3f401f4600d79ff3f398dfc7939f85b598dace735701e95d5931f890e,47.246.46.204,,CobaltStrike
2467b96127384faf5ec6da7dfd43b68e043a34da663e74edd40bc06882860187,145.249.106.137,,CobaltStrike
ef224073c172c8626efd79f51b357cd30f8e0c323650847fbb7ad84d5c5a1c01,134.209.92.85,,CobaltStrike
2aba76d7b63e04376937749aaf14f5c657462526ef3ee4173d29a9d619b835bc,101.200.214.254,,CobaltStrike
c9644f4087e2544fe0ef58fc1e825808469f29b2cab6a2f017836df6bd5c6577,141.164.46.99,,CobaltStrike
e02bebccbe4510d38cd6b7635da2c7e419254db9c5df6235f88d3662f51c539b,103.73.97.119,,CobaltStrike
f51032b007c90b0cfe82bbe86ee94f6d06c04ee624d6733e2eb667aee2f9e00a,185.162.235.35,,CobaltStrike
ea4724eb9f242ebc03ff1da8f030dfc28d663f65b64e974f00d7de28a6268878,23.163.0.12,,CobaltStrike
2889dbb230692d183dff10d5cd1f2a2fb332b16995319acc507f8ea88c529f2f,103.114.162.7,,CobaltStrike
9af1c67c5815c75faf1a4d5e8bf3e8907ab7c2b92d8d6c888fb8f573924a76ca,64.69.57.222,,CobaltStrike
24741026d7019a079dedf731ca2763ca8d486ef34b5149310d2915cafd5743c4,119.8.42.35,,CobaltStrike
94a2b501087411c4ee41263986ea570aeb89b2b02e16252285a1e97e0cea2ade,194.76.224.99,,CobaltStrike
a6e60c2cce86d5ccd687411e5aa1a1b4e6a531d75264045e80d6b55981ec8d64,13.211.255.53,,CobaltStrike
a6e60c2cce86d5ccd687411e5aa1a1b4e6a531d75264045e80d6b55981ec8d64,54.253.227.154,,CobaltStrike
2e2c6bb6491abe174f7573e8b213604cfae991353fe8c9fafcf7ee7abb7d2c8a,13.107.213.19,,CobaltStrike
2e2c6bb6491abe174f7573e8b213604cfae991353fe8c9fafcf7ee7abb7d2c8a,13.107.246.19,,CobaltStrike
74c78753a7c00014af1b41686ebb170654692fd34e04fdfcb962e7b296ebf5b6,5.181.156.46,,CobaltStrike
c4f5398d1ea424dadf6833810fdafff4cc99b62da0160d788a405369459eb3e8,185.153.196.130,,CobaltStrike
43b2a8a44069ba52b47275bf47fa787dc174911a94130b172149cbdb17d6aba4,39.106.21.92,,CobaltStrike
343722067b5c7898710602697e17bbbcd9709cab83390543695df2b68043a863,128.199.187.93,,CobaltStrike
e1c962ccbbd75d13ecebc9de022ebf3424fda75e5a02b99d1ae4ee5022d4763a,52.84.168.87,,CobaltStrike
e1c962ccbbd75d13ecebc9de022ebf3424fda75e5a02b99d1ae4ee5022d4763a,52.84.168.94,,CobaltStrike
e1c962ccbbd75d13ecebc9de022ebf3424fda75e5a02b99d1ae4ee5022d4763a,52.84.168.142,,CobaltStrike
e1c962ccbbd75d13ecebc9de022ebf3424fda75e5a02b99d1ae4ee5022d4763a,52.84.168.11,,CobaltStrike
e1c962ccbbd75d13ecebc9de022ebf3424fda75e5a02b99d1ae4ee5022d4763a,13.224.2.56,,CobaltStrike
e1c962ccbbd75d13ecebc9de022ebf3424fda75e5a02b99d1ae4ee5022d4763a,13.224.2.103,,CobaltStrike
e1c962ccbbd75d13ecebc9de022ebf3424fda75e5a02b99d1ae4ee5022d4763a,13.224.2.120,,CobaltStrike
e1c962ccbbd75d13ecebc9de022ebf3424fda75e5a02b99d1ae4ee5022d4763a,13.224.2.73,,CobaltStrike
dd9fd1744e9b9b345e3cb64fcdf23d4ed6452cf156348c2eb260dcbd7f41b56e,119.28.183.219,,CobaltStrike
dd9fd1744e9b9b345e3cb64fcdf23d4ed6452cf156348c2eb260dcbd7f41b56e,119.28.201.84,,CobaltStrike
dd9fd1744e9b9b345e3cb64fcdf23d4ed6452cf156348c2eb260dcbd7f41b56e,119.28.201.187,,CobaltStrike
7997113f723478d52d5b609fc37261a362b6ff045435267694dfa01633efa52b,139.196.184.73,,CobaltStrike
b8226adb58875b1b8fda5e422c3ed48deb84a7482fbcef03af22bdfab244a016,8.45.52.250,,CobaltStrike
b8226adb58875b1b8fda5e422c3ed48deb84a7482fbcef03af22bdfab244a016,8.45.52.249,,CobaltStrike
b8226adb58875b1b8fda5e422c3ed48deb84a7482fbcef03af22bdfab244a016,47.246.2.253,,CobaltStrike
b8226adb58875b1b8fda5e422c3ed48deb84a7482fbcef03af22bdfab244a016,47.246.2.254,,CobaltStrike
b8226adb58875b1b8fda5e422c3ed48deb84a7482fbcef03af22bdfab244a016,47.246.24.234,,CobaltStrike
b8226adb58875b1b8fda5e422c3ed48deb84a7482fbcef03af22bdfab244a016,47.246.22.236,,CobaltStrike
b8226adb58875b1b8fda5e422c3ed48deb84a7482fbcef03af22bdfab244a016,47.246.22.235,,CobaltStrike
b8226adb58875b1b8fda5e422c3ed48deb84a7482fbcef03af22bdfab244a016,47.246.24.233,,CobaltStrike
b8226adb58875b1b8fda5e422c3ed48deb84a7482fbcef03af22bdfab244a016,113.1.0.33,,CobaltStrike
b8226adb58875b1b8fda5e422c3ed48deb84a7482fbcef03af22bdfab244a016,110.53.180.151,,CobaltStrike
b8226adb58875b1b8fda5e422c3ed48deb84a7482fbcef03af22bdfab244a016,101.206.209.28,,CobaltStrike
b8226adb58875b1b8fda5e422c3ed48deb84a7482fbcef03af22bdfab244a016,111.202.85.37,,CobaltStrike
b8226adb58875b1b8fda5e422c3ed48deb84a7482fbcef03af22bdfab244a016,59.83.204.153,,CobaltStrike
b8226adb58875b1b8fda5e422c3ed48deb84a7482fbcef03af22bdfab244a016,42.63.21.153,,CobaltStrike
b8226adb58875b1b8fda5e422c3ed48deb84a7482fbcef03af22bdfab244a016,110.53.180.173,,CobaltStrike
b8226adb58875b1b8fda5e422c3ed48deb84a7482fbcef03af22bdfab244a016,59.83.204.154,,CobaltStrike
b8226adb58875b1b8fda5e422c3ed48deb84a7482fbcef03af22bdfab244a016,43.242.166.42,,CobaltStrike
b8226adb58875b1b8fda5e422c3ed48deb84a7482fbcef03af22bdfab244a016,59.83.218.168,,CobaltStrike
b8226adb58875b1b8fda5e422c3ed48deb84a7482fbcef03af22bdfab244a016,42.63.21.174,,CobaltStrike
b8226adb58875b1b8fda5e422c3ed48deb84a7482fbcef03af22bdfab244a016,110.53.180.142,,CobaltStrike
b8226adb58875b1b8fda5e422c3ed48deb84a7482fbcef03af22bdfab244a016,61.176.194.20,,CobaltStrike
b8226adb58875b1b8fda5e422c3ed48deb84a7482fbcef03af22bdfab244a016,110.52.193.33,,CobaltStrike
b8226adb58875b1b8fda5e422c3ed48deb84a7482fbcef03af22bdfab244a016,1.31.130.154,,CobaltStrike
b8f26511c9ef690f85f845d029ac7ca021727272391188ad8e1c74c7c3b7c424,111.230.189.251,,CobaltStrike
b8f26511c9ef690f85f845d029ac7ca021727272391188ad8e1c74c7c3b7c424,111.230.189.252,,CobaltStrike
b8f26511c9ef690f85f845d029ac7ca021727272391188ad8e1c74c7c3b7c424,106.52.189.18,,CobaltStrike
b8f26511c9ef690f85f845d029ac7ca021727272391188ad8e1c74c7c3b7c424,134.175.211.190,,CobaltStrike
14adef572d17a416c68cdc8bdfe619a94671a74e381d11872dc88d7eaca52b0f,116.62.108.180,,CobaltStrike
6091433dfa3c0bcf3b1d309ad37a2ff7282b8b6b42db174bb188b16536f53b8b,69.49.229.88,,CobaltStrike
14bbf3b8d4f24564bc8994a3d4ff696f9b61972b653a672905a2ed773d7156ce,185.244.150.149,,CobaltStrike
34b0526e664f3036418c77a3797f74f5ba30f83d7a421f5df8078f6e9457af28,172.98.192.94,,CobaltStrike
36246f357484ac02ae136300d8a2b13655e14acae1953d7b1e70fd412ac0991f,207.148.107.212,,CobaltStrike
68f281d3b80211c899127e2ee4e07a373de02c98d32d0ffcfa8ab71b9d2db5d8,18.163.120.26,,CobaltStrike
2b9ca4eeb2701532013b067dae568f57c8b959d6f9cabc8c8367f06604eea60f,178.236.44.203,,CobaltStrike
e5a3e7a7db41bcbf783d475c034672ab93e8bd4f2c759e4c9415bf8add6b8d3b,54.214.197.200,,CobaltStrike
ee1b335be9d26f74a5d3573144d2b3b4f217602607b99e0d111b4de4a72f2b4a,172.67.130.191,,CobaltStrike
ee1b335be9d26f74a5d3573144d2b3b4f217602607b99e0d111b4de4a72f2b4a,104.21.3.137,,CobaltStrike
3c0ccf1b58621b9eab2e198b1f9621f443b67088cbf7daf628d85edb9952c434,185.106.123.110,,CobaltStrike
dc5b604c8299878e289cadd6abc0f3339a45dbc95008ae11fd08c458037dbeb9,45.195.158.36,,CobaltStrike
7b7ec8f337585cb7c2093ea05344b9b66b80c7f7d8b5cc47c23c66debc7f2c46,129.28.201.96,,CobaltStrike
fbbc24a7402ca5da683ed477548edf8784bd7d3885aa2059e4b0e89cfdc07222,95.153.31.169,,CobaltStrike
e682a14b2acf2f4d2c035b997e9e3f758227cd82c8171d6f0089b0cab214eb60,103.73.97.119,,CobaltStrike
a491f2becf7ad99c6c21900b5f12ed5144cdfcbc63dc1e0972f40622c19808f3,222.222.88.17,,CobaltStrike
e1314098b318efe03c827ede9996703df7d7eaeb1797417dced4892491fc0f2c,5.34.181.12,,CobaltStrike
30c029bfee5f7f94e481ee0ff88a06417cae2d64a7068532334716bbdae27fe1,123.207.181.131,,CobaltStrike
33b95877adceb5d5bd5d363a1a204d2ac714290c98b3e547bc04e0c81d315e8f,168.119.0.88,,CobaltStrike
e4b99461ac207f1eb9b598de2d728ddbb6b343de64e979b1abebd9930b9ced40,104.243.46.74,,CobaltStrike
5e6cdf373909e94fec5ba3195b5498cc3bc7ece7ad1e7055c79372ce38c141b3,185.106.123.114,,CobaltStrike
58344ed153c897a9125f675f10c21f51115ca837489fdf8b6c2c2623a5da6dd9,139.186.146.78,,CobaltStrike
58344ed153c897a9125f675f10c21f51115ca837489fdf8b6c2c2623a5da6dd9,139.186.146.78,,CobaltStrike
0177dc1b842ac0a088a92fd0ad9a7d1efe18c0cb6a80dc0810483e6412289251,123.57.73.247,,CobaltStrike
7f0eb996f53e910d57ad044983c767d33affd779c1c393261c327672d8bf14a1,139.60.161.99,,CobaltStrike
c1e0c00ff30dd3945314d906801df6db6805fcf233a6adc35f3b03e3db82eb9d,185.162.235.61,,CobaltStrike
46ec387810887a8f4aa225eac0958254527bac7dd8e1db4dac823d19b598bb0d,104.21.39.90,,CobaltStrike
46ec387810887a8f4aa225eac0958254527bac7dd8e1db4dac823d19b598bb0d,172.67.144.3,,CobaltStrike
cc022fa66d8dea6513eb4792ce68209dc8551a52ec8a712af1208d4c1454f443,141.164.46.99,,CobaltStrike
a50e207ca0fcc0d439c4dff346f34914a70e032ca6b2041d1ff6b15160f806b8,52.229.22.93,,CobaltStrike
4780b224d0dcbb6d606a8999d5be9199fdc9ff738032e2ae21ac55efff4870de,39.108.159.100,,CobaltStrike
b252e220c4ed44fb547e467857b3b85483dc8721e884fa0ae9de654f5bc0999f,158.247.210.24,,CobaltStrike
a1b064b29409818e872530d4d39e49ab97886beb396ea0f97c93ad64f6fcd377,39.106.21.92,,CobaltStrike
27b4d6732b71aa844b3354d5c40768368e48459a8691535855a6f15f0fe3c111,45.12.90.146,,CobaltStrike
1d8fc4ff8f2dd834ac3587aecd861e2e9e9a6b97e1bb206e5b6bc4dce7163e20,104.21.62.169,,CobaltStrike
1d8fc4ff8f2dd834ac3587aecd861e2e9e9a6b97e1bb206e5b6bc4dce7163e20,172.67.137.141,,CobaltStrike
1d8fc4ff8f2dd834ac3587aecd861e2e9e9a6b97e1bb206e5b6bc4dce7163e20,104.21.62.169,,CobaltStrike
1d8fc4ff8f2dd834ac3587aecd861e2e9e9a6b97e1bb206e5b6bc4dce7163e20,172.67.137.141,,CobaltStrike
1d8fc4ff8f2dd834ac3587aecd861e2e9e9a6b97e1bb206e5b6bc4dce7163e20,104.21.62.169,,CobaltStrike
1d8fc4ff8f2dd834ac3587aecd861e2e9e9a6b97e1bb206e5b6bc4dce7163e20,172.67.137.141,,CobaltStrike
ef417160f9fea718b75276ec666f5b34a745f0ab0cd2c42cc2c7fdfd1f6d5ad5,172.67.210.99,,CobaltStrike
ef417160f9fea718b75276ec666f5b34a745f0ab0cd2c42cc2c7fdfd1f6d5ad5,104.21.53.76,,CobaltStrike
ef417160f9fea718b75276ec666f5b34a745f0ab0cd2c42cc2c7fdfd1f6d5ad5,176.123.8.228,,CobaltStrike
5e82a7a404ef58a46d4c338ef44f050e3b6e91550d1a76e46a619f47d6db29c9,84.200.209.11,,CobaltStrike
9327d6aed1f7fa1d73b490e13484cfb7f1170e4f0b75ea0efb056dd879436b15,134.209.5.246,,CobaltStrike
3528d3519eb73caa71c1293a2063aa41cac35d2c9c08c15a262af46446473d97,54.226.33.66,,CobaltStrike
fb71d48b50dd4f781d92d3c285366818d1cae821e383b799062a1581d0f811d4,64.69.57.205,,CobaltStrike
f2a0e4aa6e351a586861326ce72f5de99dae2f8b7a20bbb59f299420ea3b91dd,185.153.196.130,,CobaltStrike
98461dd3aca16973c5d0e484e0c43ea092d4a7dc132512ca732f3b8f6cf327a8,192.144.234.207,,CobaltStrike
d053c01353f46118df49a3963ecd458812c59b172bdcbb623622892bdf051b35,47.246.46.204,,CobaltStrike
e236e77be46dc8706508a34c28c09994448cd869a7025a7d193ec1458cdd41ee,118.190.146.5,,CobaltStrike
d0b4178503be670246ff81033517b03d3ba63e56bbb7c1d9392dd409340ede48,49.232.175.178,,CobaltStrike
4d3b3a99f3f051f7ebba0eb40408db86357f1f246981467fd0222452682107ad,185.158.249.123,,CobaltStrike
c8c194ab0085346a1dbabde3788242618b6e1a8c71ca6222de2629863a844a84,139.60.161.62,,CobaltStrike
d08e95c6b69ba8594c62cd20bab959f412d24903a4fba202e6739565201a1514,47.90.202.152,,CobaltStrike
a370234b357f191b5d76d9349097fbe4bd4de579cdbc6dd5f1c12a39d248633d,121.196.153.136,,CobaltStrike
f2caae8ee8640163c0c937d387d1bf3a13868c72184245b09dd984000ff9ffac,213.217.0.217,,CobaltStrike
57670867b30c0474e3ea4c346785991b803857ffafbc66858e2cbd0631932a28,47.101.214.85,,CobaltStrike
a4076f2ca62252cc868e3ae2c5868793e07bc2003b81b57755719db68c6888e2,69.49.229.88,,CobaltStrike
3551296f9a29ee91c3a47ee77c3bd422805fe455c940219f2614d1b24321f07e,13.224.2.112,,CobaltStrike
3551296f9a29ee91c3a47ee77c3bd422805fe455c940219f2614d1b24321f07e,13.224.2.135,,CobaltStrike
3551296f9a29ee91c3a47ee77c3bd422805fe455c940219f2614d1b24321f07e,13.224.2.123,,CobaltStrike
3551296f9a29ee91c3a47ee77c3bd422805fe455c940219f2614d1b24321f07e,13.224.2.7,,CobaltStrike
01e7d5b4c4b077e1e50cb68110f53df9af57cb7091807ff989837b991f04932d,170.130.55.177,,CobaltStrike
1e3bf600941921ebe63faac203778f8448599f31e6e324e5b583595a39c348b7,204.16.247.41,,CobaltStrike
088c8754618f84b73fae01037e8cb2fedfd8808fa305a7ed895f5abb7d326221,18.180.45.136,,CobaltStrike
a6566954ee4ba82c45c6a93061663df15225752dfc3f095b7492a13ee51745d7,45.195.8.100,,CobaltStrike
39f083754055b10257094e6e39d94df806c984b477c4dda68f39cd59ce535852,178.236.44.203,,CobaltStrike
e1fef90a32b58e923a92e077bd226e4f348fb22356512253dc1f602ab4a1343f,61.168.100.179,,CobaltStrike
df7e28098d6d738853486ccaf7ee624a561396f1f533658e28c1fae555b91adc,103.234.72.215,,CobaltStrike
03f8b053671ea67d636ac44c0fbb792de327b69f22c955fbd23064bc583d53f7,78.128.113.14,,CobaltStrike
619b89fcd2b11fd41b960cb410fbbeced9627f79c154f37e0424e1ca34f3247b,10.0.3.116,,CobaltStrike
ebd5c69a8438d5c8b176931b2b202e0bfe59380cfc4ab3d23ccedd6f7fc54052,185.106.123.105,,CobaltStrike
f96745be43227c5dd364aa182617219eab4a5c0fcf14a2e7221b2ac1a240a4c1,185.26.147.118,1024,mirai
b4026ca308797d1808e54047aa3406517c61ea06805041eca73cc8bfc0b379fb,165.227.129.92,1791,mirai
